N1-1-16-1-1-1,820 9744
N1-1-16-1-2-1,820 9103
N1-1-16-1-3-1,820 9204
N1-1-16-1-4-1,820 9221
N1-1-16-1-5-1,820 9038
N1-1-16-1-6-1,820 9218
N1-1-16-1-7-1,820 9521
N1-1-16-1-8-1,820 9279
N1-1-16-1-9-1,820 9927
N1-1-16-1-10-1,820 6903
N1-1-16-1-11-1,820 6483
N1-1-16-1-12-1,820 9707
N1-1-16-1-13-1,820 9215
N1-1-16-1-14-1,820 9003
N1-1-16-1-15-1,820 9115
N1-1-16-1-16-1,820 9131
N1-1-16-1-17-1,820 9000
N1-1-16-1-18-1,820 9028
N1-1-16-1-19-1,820 6501
N1-1-16-1-20-1,820 9990
N1-1-16-1-21-1,820 9077
N1-1-16-1-22-1,820 9053
N1-1-16-1-23-1,820 9067
N1-1-16-1-24-1,820 9055
N1-1-16-1-25-1,820 9831
N1-1-16-1-26-1,820 9578
N1-1-16-1-27-1,820 9048
N1-1-16-1-28-1,820 9130
N1-1-16-1-29-1,820 9477
N1-1-16-1-30-1,820 9229
N1-1-16-1-31-1,820 9450
N1-1-16-1-32-1,820 9085
N1-1-16-2-1-1,820 6001
N1-1-16-2-1-2,820 6002
N1-1-16-2-2-1,820 6044
N1-1-16-2-3-1,820 6544
N1-1-16-2-4-1,820 6703
N1-1-16-2-5-1,820 6548
N1-1-16-2-6-1,820 6124
N1-1-16-2-7-1,820 6755
N1-1-16-2-9-1,820 6175
N1-1-16-2-11-1,820 6738
N1-1-16-2-12-1,820 6278
N1-1-16-2-14-1,820 6432
N1-1-16-2-15-1,820 6013
N1-1-16-2-16-1,820 6555
N1-1-16-2-17-1,820 9191
N1-1-16-2-18-1,820 6310
N1-1-16-2-19-1,820 6597
N1-1-16-2-22-1,820 6930
N1-1-16-2-23-1,820 6199
N1-1-16-2-24-1,820 6688
N1-1-16-2-25-1,820 6181
N1-1-16-2-26-1,820 9528
N1-1-16-2-27-1,820 6780
N1-1-16-2-29-1,820 6092
N1-1-16-2-30-1,820 6137
N1-1-16-2-31-1,820 6222
N1-1-16-2-32-1,820 6486
N1-1-16-3-1-1,820 9044
N1-1-16-3-3-1,820 9748
N1-1-16-3-4-1,820 9034
N1-1-16-3-5-1,820 9114
N1-1-16-3-6-1,820 9920
N1-1-16-3-7-1,820 8527
N1-1-16-3-8-1,820 9155
N1-1-16-3-10-1,820 9441
N1-1-16-3-11-1,820 9025
N1-1-16-3-12-1,820 9104
N1-1-16-3-13-1,820 9113
N1-1-16-3-14-1,820 9171
N1-1-16-3-15-1,820 9120
N1-1-16-3-17-1,820 9526
N1-1-16-3-18-1,820 9052
N1-1-16-3-19-1,820 9750
N1-1-16-3-20-1,820 9482
N1-1-16-3-21-1,820 9837
N1-1-16-3-22-1,820 9323
N1-1-16-3-23-1,820 9059
N1-1-16-3-24-1,820 9419
N1-1-16-3-25-1,820 9444
N1-1-16-3-26-1,820 9098
N1-1-16-3-26-2,820 9099
N1-1-16-3-27-1,820 9553
N1-1-16-3-28-1,820 9014
N1-1-16-3-29-1,820 9117
N1-1-16-3-31-1,820 9790
N1-1-16-3-32-1,820 9849
N1-1-16-4-2-1,820 9818
N1-1-16-4-3-1,820 6172
N1-1-16-4-4-1,820 9535
N1-1-16-4-5-1,820 6377
N1-1-16-4-6-1,820 9009
N1-1-16-4-7-1,820 6518
N1-1-16-4-8-1,820 6122
N1-1-16-4-9-1,820 6982
N1-1-16-4-11-1,820 6900
N1-1-16-4-14-1,820 6472
N1-1-16-4-15-1,820 6386
N1-1-16-4-16-1,740 820 5697
N1-1-16-4-17-1,820 6993
N1-1-16-4-18-1,820 6898
N1-1-17-1-2-1,820 4177
N1-1-17-1-3-1,820 2302
N1-1-17-1-6-1,820 3417
N1-1-17-1-7-1,820 2676
N1-1-17-1-8-1,820 2563
N1-1-17-1-10-1,820 2969
N1-1-17-1-11-1,820 2445
N1-1-17-1-12-1,820 2630
N1-1-17-1-13-1,820 2122
N1-1-17-1-14-1,820 4586
N1-1-17-1-15-1,820 2115
N1-1-17-1-16-1,820 2580
N1-1-17-1-17-1,820 4244
N1-1-17-1-18-1,820 5732
N1-1-17-1-19-1,820 5381
N1-1-17-1-20-1,820 4222
N1-1-17-1-22-1,820 8206
N1-1-17-1-23-1,820 5148
N1-1-17-1-24-1,820 3793
N1-1-17-1-26-1,820 2160
N1-1-17-1-27-1,820 8410
N1-1-17-1-28-1,820 2137
N1-1-17-1-29-1,820 3989
N1-1-17-2-1-1,820 9784
N1-1-17-2-2-1,820 9035
N1-1-17-2-3-1,820 9453
N1-1-17-2-4-1,820 9251
N1-1-17-2-5-1,820 9494
N1-1-17-2-6-1,820 8465
N1-1-17-2-7-1,820 9551
N1-1-17-2-9-1,820 3833
N1-1-17-2-10-1,820 9177
N1-1-17-2-11-1,820 9294
N1-1-17-2-12-1,820 9597
N1-1-17-2-13-1,820 9466
N1-1-17-2-14-1,820 9455
N1-1-17-2-15-1,820 9224
N1-1-17-2-16-1,820 5547
N1-1-17-2-17-1,820 9108
N1-1-17-2-18-1,820 9304
N1-1-17-2-19-1,820 9369
N1-1-17-2-20-1,820 9172
N1-1-17-2-21-1,820 9128
N1-1-17-2-22-1,820 9160
N1-1-17-2-23-1,820 9178
N1-1-17-2-24-1,820 6773
N1-1-17-2-25-1,820 9989
N1-1-17-2-26-1,820 9335
N1-1-17-2-27-1,820 9268
N1-1-17-2-28-1,820 9125
N1-1-17-2-29-1,820 9881
N1-1-17-2-30-1,820 9731
N1-1-17-2-31-1,740-353-0467
N1-1-17-2-31-2,740-876-8054
N1-1-17-2-32-1,820 9072
N1-1-17-3-1-1,820 2327
N1-1-17-3-2-1,820 8188
N1-1-17-3-3-1,820 2301
N1-1-17-3-4-1,820 5776
N1-1-17-3-5-1,820 3815
N1-1-17-3-6-1,820 2196
N1-1-17-3-7-1,820 3889
N1-1-17-3-9-1,820 2690
N1-1-17-3-10-1,820 8502
N1-1-17-3-11-1,820 8222
N1-1-17-3-11-2,820 8102
N1-1-17-3-11-3,820 8335
N1-1-17-3-11-4,820 8109
N1-1-17-3-12-1,820 4666
N1-1-17-3-13-1,820 8402
N1-1-17-3-14-1,820 8800
N1-1-17-3-15-1,820 8315
N1-1-17-3-16-1,820 4475
N1-1-17-3-17-1,820 2832
N1-1-17-3-18-1,820 5599
N1-1-17-3-19-1,820 2844
N1-1-17-3-20-1,820 2482
N1-1-17-3-21-1,820 3408
N1-1-17-3-22-1,820 8797
N1-1-17-3-23-1,820 2372
N1-1-17-3-24-1,820 2332
N1-1-17-3-25-1,820 8185
N1-1-17-3-26-1,820 4115
N1-1-17-3-28-1,820 5683
N1-1-17-3-29-1,820 4800
N1-1-17-3-30-1,820 2449
N1-1-17-3-31-1,820 8331
N1-1-17-3-32-1,820 5425
N1-1-17-4-1-1,820 4686
N1-1-17-4-2-1,820 5877
N1-1-17-4-3-1,820 2243
N1-1-17-4-5-1,820 4734
N1-1-17-4-6-1,820 2902
N1-1-17-4-7-1,820 3597
N1-1-17-4-9-1,820 5358
N1-1-17-4-10-1,820 2455
N1-1-17-4-11-1,820 2979
N1-1-17-4-12-1,820 5198
N1-1-17-4-13-1,820 8435
N1-1-17-4-14-1,820 4755
N1-1-17-4-15-1,820 3347
N1-1-17-4-16-1,820 5797
N1-1-17-4-17-1,820 8603
N1-1-17-4-18-1,820 8374
N1-1-17-4-19-1,820 5878
N1-1-17-4-20-1,820 5655
N1-1-17-4-21-1,820 5142
N1-1-17-4-22-1,820 8654
N1-1-17-4-23-1,820 8961
N1-1-17-4-24-1,820 2835
N1-1-17-4-25-1,820 3751
N1-1-17-4-26-1,820 5320
N1-1-17-4-27-1,820 3322
N1-1-17-4-28-1,820 8542
N1-1-17-4-32-1,820 4443
N1-1-18-1-1-1,820 2948
N1-1-18-1-2-1,820 5915
N1-1-18-1-5-1,820 4805
N1-1-18-1-7-1,820 3620
N1-1-18-1-8-1,820 2610
N1-1-18-1-9-1,820 2639
N1-1-18-1-11-1,820 8262
N1-1-18-1-13-1,820 5665
N1-1-18-1-16-1,820 3705
N1-1-18-1-17-1,820 5278
N1-1-18-1-18-1,820 4240
N1-1-18-1-20-1,820 5572
N1-1-18-1-22-1,820 8389
N1-1-18-1-24-1,820-5056
N1-1-18-1-25-1,820 3615
N1-1-18-1-26-1,820 8668
N1-1-18-1-27-1,820 4322
N1-1-18-1-28-1,820 4857
N1-1-18-1-29-1,820 5220
N1-1-18-1-31-1,820 3520
N1-1-18-1-32-1,820 2685
N1-1-18-2-1-1,820 4949
N1-1-18-2-2-1,820 8501
N1-1-18-2-3-1,820 3122
N1-1-18-2-4-1,820 3534
N1-1-18-2-5-1,820 8530
N1-1-18-2-6-1,820 4705
N1-1-18-2-7-1,820 4545
N1-1-18-2-8-1,820 5869
N1-1-18-2-9-1,820 8170
N1-1-18-2-11-1,820 3320
N1-1-18-2-13-1,820 8319
N1-1-18-2-14-1,820 5888
N1-1-18-2-15-1,820 5590
N1-1-18-2-16-1,820 4303
N1-1-18-2-17-1,820 5551
N1-1-18-2-19-1,820 2383
N1-1-18-2-21-1,820 2395
N1-1-18-2-22-1,820 8279
N1-1-18-2-23-1,820 4226
N1-1-18-2-24-1,820 4883
N1-1-18-3-1-1,820 8767
N1-1-18-3-2-1,Knore Brenda
N1-1-18-3-3-1,820 5444
N1-1-18-3-4-2,820 4585
N1-1-18-3-5-1,820 8289
N1-1-18-3-6-1,820 4424
N1-1-18-3-7-1,820 2894
N1-1-18-3-8-1,820 5161
N1-1-18-3-9-2,820 3367
N1-1-18-3-10-1,820 3754
N1-1-18-3-11-1,820 8253
N1-1-18-3-12-1,820 2374
N1-1-18-3-13-1,820 4633
N1-1-18-3-14-1,820 3978
N1-1-18-3-15-1,820 5685
N1-1-18-3-16-1,820 5921
N1-1-18-3-17-1,820 5502
N1-1-18-3-19-1,820 8677
N1-1-18-3-20-1,820 8947
N1-1-18-3-21-1,820 4236
N1-1-18-3-22-1,820 2673
N1-1-18-3-23-1,820 3427
N1-1-18-3-26-1,820 5339
N1-1-18-3-26-2,820 5337
N1-1-18-3-27-1,820 4283
N1-1-18-3-28-1,820 4184
N1-1-18-3-29-1,820 2385
N1-1-18-3-30-1,820 8806
N1-1-18-3-31-1,820 3789
N1-1-18-3-32-1,820 2591
N1-1-18-4-1-1,820 3213
N1-1-18-4-2-1,820 3873
N1-1-18-4-3-1,820 3897
N1-1-18-4-4-1,820 4450
N1-1-18-4-5-1,820 8744
N1-1-18-4-7-1,820 4456
N1-1-18-4-8-1,820 4812
N1-1-18-4-9-1,820 2886
N1-1-18-4-10-1,820 5542
N1-1-18-4-11-1,820 3743
N1-1-18-4-12-1,820 2650
N1-1-18-4-13-1,820 2618
N1-1-18-4-14-1,820 5680
N1-1-18-4-15-1,820 2215
N1-1-18-4-16-1,820 8123
N1-1-18-4-17-1,820 8425
N1-1-18-4-18-1,820 3424
N1-1-18-4-19-1,820 5322
N1-1-18-4-20-1,820 4139
N1-1-18-4-21-1,820 2520
N1-1-18-4-22-1,820 8557
N1-1-18-4-23-1,820 2553
N1-1-18-4-24-1,820 3563
N1-1-18-4-25-1,820 2696
N1-1-18-4-26-1,820 2398
N1-1-18-4-27-1,820 4251
N1-1-18-4-28-1,820 5500
N1-1-18-4-28-2,820 4536
N1-1-18-4-28-3,820 2341
N1-1-18-4-28-4,820 4123
N1-1-18-4-29-1,820 3802
N1-1-18-4-30-1,820 2513
N1-1-18-4-31-1,820 8328
N1-1-18-4-32-1,820 5321
N1-1-19-1-1-1,820 3664
N1-1-19-1-2-1,820 8544
N1-1-19-1-3-1,820 8365
N1-1-19-1-4-1,820 4136
N1-1-19-1-5-1,820 2644
N1-1-19-1-6-1,820 2729
N1-1-19-1-7-1,820 8306
N1-1-19-1-8-1,820 3888
N1-1-19-1-9-1,820 5475
N1-1-19-1-10-1,820 5181
N1-1-19-1-12-1,820 4542
N1-1-19-1-13-1,820 3828
N1-1-19-1-14-1,820 5454
N1-1-19-1-15-1,820 4650
N1-1-19-1-16-1,820 4598
N1-1-19-1-18-1,820 4259
N1-1-19-1-19-1,820 2501
N1-1-19-1-21-1,820 5506
N1-1-19-1-22-1,820 2262
N1-1-19-1-23-1,820 8312
N1-1-19-1-25-1,820 2554
N1-1-19-1-26-1,820 2645
N1-1-19-1-27-1,820 2363
N1-1-19-1-28-1,820 3360
N1-1-19-1-29-1,820 2855
N1-1-19-1-30-1,820 2417
N1-1-19-1-31-1,820 2335
N1-1-19-2-1-1,820 8171
N1-1-19-2-2-1,820 3219
N1-1-19-2-3-1,820 8610
N1-1-19-2-4-1,820 3547
N1-1-19-2-5-1,820 5325
N1-1-19-2-6-1,820 2722
N1-1-19-2-7-1,820 8307
N1-1-19-2-8-1,820 5256
N1-1-19-2-9-1,820 8377
N1-1-19-2-10-1,820 3232
N1-1-19-2-11-1,820 8455
N1-1-19-2-12-1,820 5568
N1-1-19-2-13-1,820 3173
N1-1-19-2-14-1,820 8333
N1-1-19-2-17-1,820 3767
N1-1-19-2-18-1,820 5507
N1-1-19-2-19-1,820 5478
N1-1-19-2-20-1,820 3860
N1-1-19-2-21-1,820 2254
N1-1-19-2-22-1,820 8343
N1-1-19-2-23-1,820 4196
N1-1-19-2-24-1,820 8554
N1-1-19-2-25-1,820 4377
N1-1-19-2-27-1,820 3390
N1-1-19-2-28-1,820 4179
N1-1-19-2-29-1,820 2211
N1-1-19-2-30-1,820 4757
N1-1-19-2-31-1,820 5857
N1-1-19-2-32-1,820 2209
N1-1-19-3-1-1,820 3376
N1-1-19-3-2-1,820 8207
N1-1-19-3-3-1,820 3624
N1-1-19-3-4-1,820 5485
N1-1-19-3-5-1,820 2236
N1-1-19-3-6-1,820 8614
N1-1-19-3-7-1,820 4220
N1-1-19-3-8-1,820 2245
N1-1-19-3-10-1,820 2660
N1-1-19-3-11-1,820 2418
N1-1-19-3-12-1,820 3241
N1-1-19-3-13-1,820 5241
N1-1-19-3-14-1,820 3191
N1-1-19-3-16-1,820 4541
N1-1-19-3-17-1,820 8375
N1-1-19-3-18-1,820 5357
N1-1-19-3-19-1,820 5811
N1-1-19-3-21-1,820 8718
N1-1-19-3-22-1,820 5661
N1-1-19-3-23-1,820 4520
N1-1-19-3-24-1,820 5206
N1-1-19-3-25-1,820 8988
N1-1-19-3-26-1,820 2368
N1-1-19-3-27-1,820 3582
N1-1-19-3-28-1,820 3569
N1-1-19-3-29-1,820 3741
N1-1-19-3-30-1,820 8541
N1-1-19-3-31-1,820 5907
N1-1-19-3-32-1,820 8134
N1-1-19-4-1-1,820 8613
N1-1-19-4-2-1,820 3972
N1-1-19-4-4-1,820 3527
N1-1-19-4-5-1,820 5513
N1-1-19-4-6-1,820 2361
N1-1-19-4-7-1,820 3688
N1-1-19-4-8-1,820 4722
N1-1-19-4-9-1,820 2412
N1-1-19-4-10-1,820 4647
N1-1-19-4-11-1,820 2319
N1-1-19-4-12-1,820 4552
N1-1-19-4-13-1,820 8537
N1-1-19-4-14-1,820 2232
N1-1-19-4-15-1,820 3395
N1-1-19-4-16-1,820 4218
N1-1-19-4-17-1,820 8636
N1-1-19-4-18-1,820 2342
N1-1-19-4-19-1,820 2183
N1-1-19-4-20-1,820 8437
N1-1-19-4-21-1,820 4252
N1-1-19-4-22-1,820 8594
N1-1-19-4-23-1,820 8339
N1-1-19-4-24-1,820 8464
N1-1-19-4-25-1,820 8419
N1-1-19-4-26-1,820 5186
N1-1-19-4-26-2,820 5314
N1-1-19-4-27-1,820 3834
N1-1-19-4-28-1,820 3651
N1-1-19-4-29-1,820 4773
N1-1-19-4-30-1,820 2338
N1-1-19-4-31-1,820 5537
N1-1-19-4-32-1,820 4402
N1-1-20-1-1-1,820 2356
N1-1-20-1-3-1,820 3418
N1-1-20-1-4-1,820 8180
N1-1-20-1-5-1,820 3570
N1-1-20-1-6-1,820 3730
N1-1-20-1-7-1,820 8151
N1-1-20-1-8-1,820 4313
N1-1-20-1-9-1,820 4753
N1-1-20-1-11-1,820 2416
N1-1-20-1-11-2,820 8660
N1-1-20-1-12-1,820 4414
N1-1-20-1-12-2,820 4393
N1-1-20-1-13-1,820 8358
N1-1-20-1-14-1,820 2651
N1-1-20-1-15-1,820 2486
N1-1-20-1-16-1,820 2353
N1-1-20-1-17-1,820 2311
N1-1-20-1-18-1,820 8115
N1-1-20-1-19-1,820 5698
N1-1-20-1-19-2,820 8355
N1-1-20-1-20-1,820 5396
N1-1-20-1-21-1,820 2114
N1-1-20-1-21-2,820 5114
N1-1-20-1-21-3,820 4132
N1-1-20-1-23-1,820 2178
N1-1-20-1-24-1,820 3696
N1-1-20-1-25-1,820 8361
N1-1-20-1-26-1,820 8605
N1-1-20-1-27-1,820 3734
N1-1-20-1-28-1,820 3766
N1-1-20-1-29-1,820 2574
N1-1-20-1-31-1,820 2283
N1-1-20-1-32-1,820 3639
N1-1-20-3-1-1,820 5067
N1-1-20-3-2-1,820-5068
N1-1-20-3-4-1,820 5726
N1-1-20-3-5-1,820 3539
N1-1-20-3-5-2,820 3940
N1-1-20-3-6-1,820 4419
N1-1-20-3-7-1,820 4555
N1-1-20-3-9-1,820 8211
N1-1-20-3-10-1,820 4620
N1-1-20-3-12-1,820 5690
N1-1-20-3-12-2,820 5101
N1-1-20-3-13-1,820 5722
N1-1-20-3-14-1,820 4614
N1-1-20-3-15-1,820 4470
N1-1-20-3-16-1,820 3506
N1-1-20-3-17-1,820 4321
N1-1-20-3-18-1,820 2764
N1-1-20-3-21-1,820 3711
N1-1-20-3-22-1,820 4837
N1-1-20-3-28-1,820 5979
N1-1-20-3-29-1,820 2457
N1-1-20-3-32-1,820 3366
